image,identity,label
images/n000021/0095_01.jpg,n000021,16
images/n000021/0145_01.jpg,n000021,16
images/n000021/0263_01.jpg,n000021,16
images/n000021/0117_01.jpg,n000021,16
images/n000021/0039_01.jpg,n000021,16
images/n000021/0271_01.jpg,n000021,16
images/n000021/0048_01.jpg,n000021,16
images/n000021/0074_01.jpg,n000021,16
images/n000021/0028_02.jpg,n000021,16
images/n000021/0093_01.jpg,n000021,16
images/n000021/0166_01.jpg,n000021,16
images/n000021/0109_01.jpg,n000021,16
images/n000021/0235_01.jpg,n000021,16
images/n000021/0092_01.jpg,n000021,16
images/n000021/0266_01.jpg,n000021,16
images/n000021/0155_01.jpg,n000021,16
images/n000021/0120_02.jpg,n000021,16
images/n000021/0077_01.jpg,n000021,16
images/n000021/0224_01.jpg,n000021,16
images/n000021/0161_01.jpg,n000021,16
images/n000021/0068_01.jpg,n000021,16
images/n000021/0122_03.jpg,n000021,16
images/n000021/0067_01.jpg,n000021,16
images/n000021/0144_03.jpg,n000021,16
images/n000021/0184_01.jpg,n000021,16
images/n000021/0099_01.jpg,n000021,16
images/n000021/0324_01.jpg,n000021,16
images/n000021/0237_02.jpg,n000021,16
images/n000021/0140_01.jpg,n000021,16
images/n000021/0283_01.jpg,n000021,16
images/n000021/0043_01.jpg,n000021,16
images/n000021/0106_01.jpg,n000021,16
images/n000021/0038_01.jpg,n000021,16
images/n000021/0160_02.jpg,n000021,16
images/n000021/0193_01.jpg,n000021,16
images/n000021/0080_01.jpg,n000021,16
images/n000021/0146_01.jpg,n000021,16
images/n000021/0030_01.jpg,n000021,16
images/n000021/0250_01.jpg,n000021,16
images/n000021/0147_01.jpg,n000021,16
images/n000021/0023_01.jpg,n000021,16
images/n000021/0219_01.jpg,n000021,16
images/n000021/0064_01.jpg,n000021,16
images/n000021/0252_01.jpg,n000021,16
images/n000021/0049_01.jpg,n000021,16
images/n000021/0124_01.jpg,n000021,16
images/n000021/0316_01.jpg,n000021,16
images/n000021/0118_01.jpg,n000021,16
images/n000021/0126_01.jpg,n000021,16
images/n000021/0127_01.jpg,n000021,16
images/n000021/0229_01.jpg,n000021,16
images/n000021/0050_01.jpg,n000021,16
images/n000021/0223_01.jpg,n000021,16
images/n000021/0131_01.jpg,n000021,16
images/n000021/0213_03.jpg,n000021,16
images/n000021/0254_01.jpg,n000021,16
images/n000021/0042_01.jpg,n000021,16
images/n000021/0065_01.jpg,n000021,16
images/n000021/0088_01.jpg,n000021,16
images/n000021/0060_01.jpg,n000021,16
images/n000021/0132_01.jpg,n000021,16
images/n000021/0111_01.jpg,n000021,16
images/n000021/0308_01.jpg,n000021,16
images/n000021/0202_01.jpg,n000021,16
images/n000021/0015_02.jpg,n000021,16
images/n000021/0001_01.jpg,n000021,16
images/n000021/0270_01.jpg,n000021,16
images/n000021/0031_01.jpg,n000021,16
images/n000021/0310_01.jpg,n000021,16
images/n000021/0286_01.jpg,n000021,16
images/n000021/0181_02.jpg,n000021,16
images/n000021/0269_03.jpg,n000021,16
images/n000021/0135_02.jpg,n000021,16
images/n000021/0307_01.jpg,n000021,16
images/n000021/0295_01.jpg,n000021,16
images/n000021/0260_01.jpg,n000021,16
images/n000021/0003_01.jpg,n000021,16
images/n000021/0063_01.jpg,n000021,16
images/n000021/0277_01.jpg,n000021,16
images/n000021/0029_01.jpg,n000021,16
images/n000021/0032_02.jpg,n000021,16
images/n000021/0221_01.jpg,n000021,16
images/n000021/0110_01.jpg,n000021,16
images/n000021/0072_01.jpg,n000021,16
images/n000021/0304_01.jpg,n000021,16
images/n000021/0034_01.jpg,n000021,16
images/n000021/0171_01.jpg,n000021,16
images/n000021/0105_01.jpg,n000021,16
images/n000021/0080_02.jpg,n000021,16
images/n000021/0101_01.jpg,n000021,16
images/n000021/0041_02.jpg,n000021,16
images/n000021/0013_01.jpg,n000021,16
images/n000021/0070_01.jpg,n000021,16
images/n000021/0100_01.jpg,n000021,16
images/n000021/0002_02.jpg,n000021,16
images/n000021/0112_01.jpg,n000021,16
images/n000021/0201_01.jpg,n000021,16
images/n000021/0056_01.jpg,n000021,16
images/n000021/0022_01.jpg,n000021,16
images/n000021/0121_01.jpg,n000021,16
images/n000021/0005_02.jpg,n000021,16
images/n000021/0014_03.jpg,n000021,16
images/n000021/0139_01.jpg,n000021,16
images/n000021/0211_01.jpg,n000021,16
images/n000021/0033_01.jpg,n000021,16
images/n000021/0236_02.jpg,n000021,16
images/n000021/0149_01.jpg,n000021,16
images/n000021/0168_01.jpg,n000021,16
images/n000021/0163_01.jpg,n000021,16
images/n000021/0069_01.jpg,n000021,16
images/n000021/0262_02.jpg,n000021,16
images/n000021/0251_03.jpg,n000021,16
images/n000021/0300_01.jpg,n000021,16
images/n000021/0138_02.jpg,n000021,16
images/n000021/0226_01.jpg,n000021,16
images/n000021/0061_01.jpg,n000021,16
images/n000021/0153_01.jpg,n000021,16
images/n000021/0098_01.jpg,n000021,16
images/n000021/0072_03.jpg,n000021,16
images/n000021/0208_01.jpg,n000021,16
images/n000021/0083_01.jpg,n000021,16
images/n000021/0230_03.jpg,n000021,16
images/n000021/0089_01.jpg,n000021,16
images/n000021/0205_02.jpg,n000021,16
images/n000021/0290_01.jpg,n000021,16
images/n000021/0054_01.jpg,n000021,16
images/n000021/0276_01.jpg,n000021,16
images/n000021/0137_02.jpg,n000021,16
images/n000021/0167_01.jpg,n000021,16
images/n000021/0134_01.jpg,n000021,16
images/n000021/0007_01.jpg,n000021,16
images/n000021/0075_01.jpg,n000021,16
images/n000021/0195_01.jpg,n000021,16
images/n000021/0006_01.jpg,n000021,16
images/n000021/0233_04.jpg,n000021,16
images/n000021/0116_02.jpg,n000021,16
images/n000021/0292_01.jpg,n000021,16
images/n000021/0256_01.jpg,n000021,16
images/n000021/0212_01.jpg,n000021,16
images/n000021/0113_01.jpg,n000021,16
images/n000021/0104_01.jpg,n000021,16
images/n000021/0191_01.jpg,n000021,16
images/n000021/0173_01.jpg,n000021,16
images/n000021/0054_02.jpg,n000021,16
images/n000021/0108_01.jpg,n000021,16
images/n000021/0081_01.jpg,n000021,16
images/n000021/0116_01.jpg,n000021,16
images/n000021/0141_01.jpg,n000021,16
images/n000021/0180_02.jpg,n000021,16
images/n000021/0004_01.jpg,n000021,16
images/n000021/0188_01.jpg,n000021,16
images/n000021/0123_02.jpg,n000021,16
images/n000021/0133_01.jpg,n000021,16
images/n000021/0062_01.jpg,n000021,16
images/n000021/0157_01.jpg,n000021,16
images/n000021/0197_01.jpg,n000021,16
images/n000021/0222_01.jpg,n000021,16
images/n000021/0267_01.jpg,n000021,16
images/n000021/0125_03.jpg,n000021,16
images/n000021/0094_02.jpg,n000021,16
images/n000021/0265_01.jpg,n000021,16
images/n000021/0046_01.jpg,n000021,16
images/n000021/0326_01.jpg,n000021,16
images/n000021/0245_01.jpg,n000021,16
images/n000021/0187_02.jpg,n000021,16
images/n000021/0312_01.jpg,n000021,16
images/n000021/0102_01.jpg,n000021,16
images/n000021/0082_01.jpg,n000021,16
images/n000021/0189_02.jpg,n000021,16
images/n000021/0025_01.jpg,n000021,16
images/n000021/0027_01.jpg,n000021,16
images/n000021/0016_01.jpg,n000021,16
images/n000021/0073_01.jpg,n000021,16
images/n000021/0020_01.jpg,n000021,16
images/n000021/0192_01.jpg,n000021,16
images/n000021/0240_01.jpg,n000021,16
images/n000021/0103_01.jpg,n000021,16
images/n000021/0084_01.jpg,n000021,16
images/n000021/0272_01.jpg,n000021,16
images/n000021/0051_01.jpg,n000021,16
images/n000021/0128_01.jpg,n000021,16
images/n000021/0085_01.jpg,n000021,16
images/n000021/0311_01.jpg,n000021,16
images/n000021/0058_01.jpg,n000021,16
images/n000021/0055_01.jpg,n000021,16
images/n000021/0078_01.jpg,n000021,16
images/n000021/0107_01.jpg,n000021,16
images/n000021/0036_03.jpg,n000021,16
images/n000021/0289_01.jpg,n000021,16
images/n000021/0259_01.jpg,n000021,16
images/n000021/0091_01.jpg,n000021,16
images/n000021/0178_03.jpg,n000021,16
images/n000021/0011_01.jpg,n000021,16
images/n000021/0159_02.jpg,n000021,16
images/n000021/0151_01.jpg,n000021,16
images/n000021/0090_01.jpg,n000021,16
images/n000021/0156_02.jpg,n000021,16
images/n000021/0220_01.jpg,n000021,16
images/n000021/0052_01.jpg,n000021,16
images/n000021/0281_04.jpg,n000021,16
images/n000021/0097_02.jpg,n000021,16
images/n000021/0037_01.jpg,n000021,16
images/n000021/0194_01.jpg,n000021,16
images/n000021/0285_03.jpg,n000021,16
images/n000021/0035_01.jpg,n000021,16
images/n000021/0045_01.jpg,n000021,16
images/n000021/0086_02.jpg,n000021,16
images/n000021/0183_01.jpg,n000021,16
images/n000021/0142_01.jpg,n000021,16
images/n000021/0164_03.jpg,n000021,16
images/n000021/0268_01.jpg,n000021,16
images/n000021/0177_01.jpg,n000021,16
images/n000021/0305_01.jpg,n000021,16
images/n000021/0242_03.jpg,n000021,16
images/n000021/0322_01.jpg,n000021,16
images/n000021/0179_03.jpg,n000021,16
images/n000021/0148_01.jpg,n000021,16
images/n000021/0280_01.jpg,n000021,16
images/n000021/0152_02.jpg,n000021,16
images/n000021/0196_01.jpg,n000021,16
images/n000021/0296_01.jpg,n000021,16
images/n000021/0059_01.jpg,n000021,16
images/n000021/0053_01.jpg,n000021,16
images/n000021/0158_02.jpg,n000021,16
images/n000021/0169_01.jpg,n000021,16
images/n000021/0019_01.jpg,n000021,16
images/n000021/0182_01.jpg,n000021,16
images/n000021/0010_01.jpg,n000021,16
images/n000021/0180_01.jpg,n000021,16
images/n000021/0175_01.jpg,n000021,16
images/n000021/0114_01.jpg,n000021,16
images/n000021/0284_03.jpg,n000021,16
images/n000021/0241_01.jpg,n000021,16
images/n000021/0073_03.jpg,n000021,16
images/n000021/0044_02.jpg,n000021,16
images/n000021/0087_01.jpg,n000021,16
images/n000021/0009_01.jpg,n000021,16
images/n000021/0174_01.jpg,n000021,16
images/n000021/0207_02.jpg,n000021,16
images/n000021/0170_01.jpg,n000021,16
images/n000021/0315_04.jpg,n000021,16
images/n000021/0017_03.jpg,n000021,16
images/n000021/0239_01.jpg,n000021,16
images/n000021/0115_01.jpg,n000021,16
images/n000021/0150_01.jpg,n000021,16
images/n000021/0024_01.jpg,n000021,16
images/n000021/0186_01.jpg,n000021,16
images/n000021/0273_01.jpg,n000021,16
images/n000021/0079_02.jpg,n000021,16
images/n000021/0249_01.jpg,n000021,16
images/n000021/0021_01.jpg,n000021,16
images/n000021/0255_01.jpg,n000021,16
images/n000021/0200_01.jpg,n000021,16
images/n000021/0225_01.jpg,n000021,16
images/n000021/0206_01.jpg,n000021,16
images/n000021/0071_01.jpg,n000021,16
images/n000021/0136_01.jpg,n000021,16
images/n000021/0313_01.jpg,n000021,16
images/n000021/0162_01.jpg,n000021,16
images/n000021/0264_01.jpg,n000021,16
images/n000021/0216_03.jpg,n000021,16
images/n000021/0057_01.jpg,n000021,16
images/n000021/0096_01.jpg,n000021,16
images/n000021/0040_01.jpg,n000021,16
images/n000021/0210_01.jpg,n000021,16
images/n000021/0203_01.jpg,n000021,16
images/n000021/0026_01.jpg,n000021,16
images/n000021/0261_01.jpg,n000021,16
images/n000021/0190_01.jpg,n000021,16
images/n000021/0119_01.jpg,n000021,16
images/n000021/0209_01.jpg,n000021,16
images/n000021/0008_01.jpg,n000021,16
images/n000021/0318_04.jpg,n000021,16
images/n000021/0066_01.jpg,n000021,16
images/n000021/0018_03.jpg,n000021,16
images/n000021/0214_01.jpg,n000021,16
images/n000021/0143_01.jpg,n000021,16
images/n000021/0227_01.jpg,n000021,16
images/n000021/0172_01.jpg,n000021,16
images/n000021/0204_01.jpg,n000021,16
images/n000021/0129_02.jpg,n000021,16
images/n000021/0228_02.jpg,n000021,16
images/n000021/0199_02.jpg,n000021,16
images/n000021/0047_02.jpg,n000021,16
images/n000021/0012_01.jpg,n000021,16
images/n000021/0076_01.jpg,n000021,16
